artista,pais_de_origen,area_de_origen,fecha_nacimiento,fecha_inicio_actividad,fecha_fin_actividad
Arcy Drive,New York,NULL,NULL,NULL,Actualidad
Portugal. The Man,United States,Wasilla,NULL,2004,Actualidad
Talisto,Stockholm,NULL,NULL,NULL,Actualidad
Rayden,Spain,Alcalá de Henares,1985-07-30,NULL,Actualidad
No Vacation,United States,San Francisco,NULL,2015-02,Actualidad
Jesús Adrián Romero,Mexico,Hermosillo,1965-02-16,NULL,Actualidad
Moderat,Germany,Berlin,NULL,2002,Actualidad
Yung Beef,Spain,NULL,NULL,NULL,Actualidad
Sohodolls,United Kingdom,NULL,NULL,2003,Actualidad
Chris Lane,North Carolina,North Carolina,1984-11-09,NULL,Actualidad
Broken Lip,Spain,NULL,1986,NULL,Actualidad
Ryan Castro,Colombia,Medellín,1994-01-14,NULL,Actualidad
Myke Towers,Puerto Rico,Río Piedras,1994-01-15,NULL,Actualidad
La Pegatina,Spain,Montcada i Reixac,NULL,2003,Actualidad
Four Tet,United Kingdom,Putney,1977-09,NULL,Actualidad
Georgie Dann,Spain,Paris,1940-01-14,NULL,2021-11-03
YUNGBLUD,West Yorkshire,Doncaster,1997-08-05,NULL,Actualidad
Starset,United States,Columbus,NULL,2013,Actualidad
ivri,NULL,NULL,NULL,NULL,Actualidad
Black Label Society,United States,Los Angeles,NULL,1998,Actualidad
Belén Aguilera,Spain,Barcelona,1995-09-12,NULL,Actualidad
LCD Soundsystem,United States,New York,NULL,2001,Actualidad
Antonio José,Spain,Palma del Río,1995-01-02,NULL,Actualidad
Fortunate Youth,United States,NULL,NULL,NULL,Actualidad
Ben Rector,United States,Oklahoma City,1986-11-06,NULL,Actualidad
La Culpa,Comunidad Valenciana,NULL,NULL,NULL,Actualidad
Japanese Breakfast,United States,Philadelphia,NULL,2013,Actualidad
Dillon Carmichael,United States,Burgin,NULL,NULL,Actualidad
Booka Shade,Germany,NULL,NULL,NULL,Actualidad
J Álvarez,Puerto Rico,Río Piedras,1983-12-13,NULL,Actualidad
Bejo,Spain,Santa Cruz de Tenerife,1994-03-14,NULL,Actualidad
Lunay,Puerto Rico,Corozal,2000-10-04,NULL,Actualidad
Conchita,Spain,Helsinki,1980-03-03,NULL,Actualidad
Hozier,Ireland,Bray,1990-03-17,NULL,Actualidad
Malú,Spain,Madrid,1982-03-15,NULL,Actualidad
Night Tempo,South Korea,NULL,NULL,NULL,Actualidad
Lèpoka,Spain,NULL,NULL,NULL,Actualidad
Mitch Coodley,NULL,NULL,NULL,NULL,Actualidad
Tycho,United States,Sacramento,1977-02-07,NULL,Actualidad
Milo j,Argentina,Morón,2006-10-25,NULL,Actualidad
Metallica,United States,Los Angeles,NULL,1981-10-28,Actualidad
maga,Spain,Sevilla,NULL,2000,Actualidad
Rauw Alejandro,Puerto Rico,San Juan,1993-01-10,NULL,Actualidad
Natalia Jiménez,Spain,Madrid,1980-12-29,NULL,Actualidad
Héroes del Silencio,Spain,Zaragoza,NULL,1984,1996
Bizarrap,Argentina,Argentina,1998,NULL,Actualidad
Hades66,NULL,NULL,NULL,NULL,Actualidad
Pablo Say,NULL,NULL,NULL,NULL,Actualidad
Arcane,United Kingdom,NULL,NULL,NULL,Actualidad
My Chemical Romance,United States,Newark,NULL,2001-09-12,Actualidad
Nick Phoenix,United Kingdom,London,1967,NULL,Actualidad
Sofia Ellar,Spain,London,1993-11-15,NULL,Actualidad
Tauren Wells,United States,Battle Creek,1986-04-07,NULL,Actualidad
Rosario,Spain,Madrid,1963-11-04,NULL,Actualidad
Lenny Tavárez,Puerto Rico,NULL,1987-05-19,NULL,Actualidad
Shotta,Spain,Sevilla,1984-07-25,NULL,Actualidad
Siggy Kim,NULL,NULL,NULL,NULL,Actualidad
Marco Tegui,NULL,NULL,NULL,NULL,Actualidad
Cole Swindell,United States,Glennville,1983-06-30,NULL,Actualidad
Randy Newman,United States,Los Angeles,1943-11-28,NULL,Actualidad
Big Thief,United States,Brooklyn,NULL,2015,Actualidad
Saint Motel,United States,Los Angeles,NULL,2009,Actualidad
Travis Denning,United States,Warner Robins,1992-12-01,NULL,Actualidad
Bad Suns,United States,Woodland Hills,NULL,2012,Actualidad
Nicky Jam,Puerto Rico,Boston,1980-02-25,NULL,Actualidad
Marlon James,Jamaica,NULL,1970,NULL,Actualidad
Ana Mena,Spain,Estepona,1997-02-25,NULL,Actualidad
Brytiago,Puerto Rico,Carolina,1992-07-14,NULL,Actualidad
Exxasens,Spain,Barcelona,NULL,2007-04,Actualidad
Phil Wickham,United States,San Diego,1984-04-05,NULL,Actualidad
SBTRKT,United Kingdom,London,NULL,NULL,Actualidad
Droow,NULL,NULL,NULL,NULL,Actualidad
Sniper Gang,NULL,NULL,NULL,NULL,Actualidad
Eli Young Band,United States,NULL,NULL,2000,Actualidad
La Casa Azul,Spain,Barcelona,NULL,1997,Actualidad
Chase Rice,United States,Asheville,1986-09-19,NULL,Actualidad
UNKLE,United Kingdom,London,NULL,1994,Actualidad
Jamie xx,United Kingdom,London,1988-10-28,NULL,Actualidad
Pacho el Antifeka,Puerto Rico,Cataño,1981-03-24,NULL,2023-06-01
La Maravillosa Orquesta del Alcohol,Burgos,NULL,NULL,2011-02-15,Actualidad
Swit Eme,NULL,NULL,NULL,NULL,Actualidad
Nosaj Thing,United States,Los Angeles,1985-01-27,NULL,Actualidad
Amarion,Puerto Rico,NULL,NULL,NULL,Actualidad
The Killers,United States,Las Vegas,NULL,2001,Actualidad
Miranda!,Argentina,Buenos Aires,NULL,2001-07-27,Actualidad
Marlena Shaw,United States,New Rochelle,1939-09-22,NULL,2024-01-19
Pablo Ferrández,Spain,Madrid,1991-03-19,NULL,Actualidad
Gidge,Umeå,NULL,NULL,NULL,Actualidad
Miss Kittin,France,Grenoble,1973-07-15,NULL,Actualidad
ONE OK ROCK,Japan,Tokyo,NULL,2005-04,Actualidad
Moby,United States,Harlem,1965-09-11,NULL,Actualidad
Air,France,Versailles,NULL,1995,Actualidad
frasco,Japan,NULL,NULL,NULL,Actualidad
Justice,France,Paris,NULL,2003,Actualidad
Taburete,Madrid,Madrid,NULL,2015-09-01,Actualidad
Glass Animals,United Kingdom,Oxford,NULL,2010-01-01,Actualidad
Jeremy Camp,United States,Lafayette,1978-01-12,NULL,Actualidad
Brandon Heath,United States,Nashville,1978-07-21,NULL,Actualidad
Bonobo,United Kingdom,Leeds,1976-03-30,NULL,Actualidad
Brantley Gilbert,United States,Jefferson,1985-01-20,NULL,Actualidad
Anubiis,NULL,NULL,NULL,NULL,Actualidad
RedHook,Australia,Sydney,NULL,2018-06-01,Actualidad
Jane Remover,Chicago,Newark,2003-09-26,NULL,Actualidad
Cecilia Krull,Spain,Madrid,1986-06-29,NULL,Actualidad
Janine Jansen,Netherlands,Soest,1978-01-07,NULL,Actualidad
Jay Menez,NULL,NULL,NULL,NULL,Actualidad
Francesca Battistelli,United States,New York,1985-05-18,NULL,Actualidad
Paula Mattheus,Spain,Getxo,NULL,NULL,Actualidad
Röyksopp,Norway,Tromsø,NULL,1998,Actualidad
Fondo Flamenco,Spain,NULL,NULL,NULL,Actualidad
La Paloma,Madrid,NULL,NULL,NULL,Actualidad
Leiva,Spain,Madrid,1980-04-28,NULL,Actualidad
Arnau Griso,NULL,NULL,NULL,NULL,Actualidad
valence,NULL,NULL,NULL,NULL,Actualidad
Green Valley,Spain,Vitoria-Gasteiz,NULL,2004-09,Actualidad
Dark Moor,Spain,NULL,NULL,1993,Actualidad
Yandel,Puerto Rico,NULL,1977-01-14,NULL,Actualidad
Delaossa,Spain,NULL,1993,NULL,Actualidad
Mikel Erentxun,Spain,Caracas,1965-02-23,NULL,Actualidad
Faithless,United Kingdom,London,NULL,1995,Actualidad
Antonio Ruiz‐Pipó,Spain,Granada,1934-04-07,NULL,1997-10-24
Rysy,Poland,Warsaw,NULL,2015,Actualidad
Viuda,NULL,Gijón,NULL,2021-05-01,Actualidad
Generación 12,Colombia,Bogotá,NULL,2007,Actualidad
black midi,London,Croydon,NULL,2017,2024-08-10
Foo Fighters,United States,Seattle,NULL,1994,Actualidad
Gabriella Quevedo,Sweden,Kinna,1997-01-12,NULL,Actualidad
Corina Smith,Venezuela,Caracas,1991-09-08,NULL,Actualidad
Tom Petty and the Heartbreakers,United States,Gainesville,NULL,1976,2017-10-02
Rival Consoles,United Kingdom,Leicester,1985-11-10,NULL,Actualidad
Edurne,Spain,Collado Villalba,1985-12-22,NULL,Actualidad
Gorillaz,England,Essex,NULL,1999,Actualidad
Fever Ray,Sweden,Nacka,1975-04-07,NULL,Actualidad
Fatima Hajji,Spain,NULL,NULL,NULL,Actualidad
WhoMadeWho,Denmark,Copenhagen,NULL,2003,Actualidad
Blessd,Colombia,Antioquia,2000-01-27,NULL,Actualidad
Danny Gokey,United States,Milwaukee,1980-04-24,NULL,Actualidad
ELYELLA,Madrid,NULL,NULL,NULL,Actualidad
Tiago PZK,Argentina,Monte Grande,2001-08-03,NULL,Actualidad
Café Quijano,Spain,NULL,NULL,NULL,Actualidad
Arde Bogotá,Spain,Cartagena,NULL,NULL,Actualidad
Ryan Stevenson,United States,Bonanza,1979-01-21,NULL,Actualidad
Jerry Lee Lewis,United States,Ferriday,1935-09-29,NULL,2022-10-28
Noriel,Puerto Rico,Puerto Rico,1994-06-26,NULL,Actualidad
Slipknot,United States,Des Moines,NULL,1995,Actualidad
Inner Wave,Los Angeles,Los Angeles,NULL,2006-09-30,Actualidad
Jefferson Airplane,United States,San Francisco,NULL,1965,1973
Orbital,United Kingdom,Sevenoaks,NULL,1989,Actualidad
Manchester Orchestra,United States,Atlanta,NULL,2005,Actualidad
Cody Jinks,NULL,NULL,1980-08-18,NULL,Actualidad
Goodbye June,NULL,Nashville,NULL,2005-06,Actualidad
Dalex,Puerto Rico,Philadelphia,1990-10-07,NULL,Actualidad
Fyahbwoy,Spain,NULL,NULL,NULL,Actualidad
Marcus King,United States,Greenville,1996-03-11,NULL,Actualidad
Olivia Newton‐John,Australia,Cambridge,1948-09-26,NULL,2022-08-08
Proyecto Gomez Casa,Buenos Aires,Buenos Aires,NULL,2009,Actualidad
Groove Armada,United Kingdom,London,NULL,1995,Actualidad
Jon Pardi,United States,Dixon,1985-05-20,NULL,Actualidad
Melendi,Spain,Oviedo,1979-01-21,NULL,Actualidad
Darell,Puerto Rico,NULL,1990-01-05,NULL,Actualidad
Mammoth WVH,United States,Los Angeles,NULL,2015,Actualidad
Band of Horses,United States,Seattle,NULL,2004,Actualidad
Jon Z,Puerto Rico,San Juan,1991-05-20,NULL,Actualidad
Cali y El Dandee,Colombia,Cali,NULL,2009,Actualidad
Elton John,United Kingdom,Pinner,1947-03-25,NULL,Actualidad
Bad Bunny,Puerto Rico,San Juan,1994-03-10,NULL,Actualidad
Klangstein,NULL,NULL,NULL,NULL,Actualidad
Skalpel,Poland,NULL,NULL,NULL,Actualidad
Mihali,Vermont,NULL,NULL,NULL,Actualidad
Mistah Godeh,NULL,NULL,NULL,NULL,Actualidad
We Came as Romans,United States,Troy,NULL,2005,Actualidad
Dauwd,London,NULL,NULL,NULL,Actualidad
The Score,United States,New York,NULL,2011,Actualidad
Modeselektor,Germany,Berlin,NULL,1996,Actualidad
Vendex,Spain,NULL,NULL,NULL,Actualidad
Morcheeba,United Kingdom,London,NULL,1995,Actualidad
Sigur Rós,Iceland,Reykjavík,NULL,1994-01-04,Actualidad
Clap! Clap!,Italy,NULL,NULL,NULL,Actualidad
Opera Magna,Spain,NULL,NULL,1997,Actualidad
Ocer y Rade,Spain,NULL,NULL,NULL,Actualidad
WarCry,Spain,Asturias,NULL,1996,Actualidad
Fangoria,Spain,Spain,NULL,1989-10-31,Actualidad
Beach House,United States,Baltimore,NULL,2004,Actualidad
Foreign Teck,NULL,NULL,NULL,NULL,Actualidad
Antonio Orozco,Spain,Osuna,1972-11-23,NULL,Actualidad
Izal,Spain,NULL,NULL,2010-12-01,2022-10-29
Harry Was Here,United States,United States,NULL,NULL,Actualidad
Megadeth,United States,Los Angeles,NULL,1983-06,Actualidad
Saiko,Chile,Santiago,NULL,1999,Actualidad
Foyone,Spain,NULL,NULL,NULL,Actualidad
Joaquín Sabina,Spain,Úbeda,1949-02-12,NULL,Actualidad
Father John Misty,United States,Rockville,1981-05-03,NULL,Actualidad
Piano Dreamers,NULL,NULL,NULL,NULL,Actualidad
Fruit Bats,United States,Chicago,NULL,1997,Actualidad
The 1975,United Kingdom,Manchester,NULL,2002,Actualidad
Manuel Barrueco,Cuba,NULL,1952-12-16,NULL,Actualidad
Justin Quiles,Puerto Rico,Bridgeport,1990-03-29,NULL,Actualidad
Marea,Spain,Berriozar,NULL,1997-12-24,Actualidad
Greta Van Fleet,United States,Frankenmuth,NULL,2012,Actualidad
Bleachers,United States,Bergen County,NULL,2013,Actualidad
Motörhead,United Kingdom,London,NULL,1975-06,2015-12-28
Pequeño Pez,Argentina,NULL,NULL,NULL,Actualidad
Blockhead,United States,Manhattan,1976-10-08,NULL,Actualidad
India Martínez,Spain,Córdoba,1985-10-13,NULL,Actualidad
Kaze,United States,Fort Belvoir,NULL,NULL,Actualidad
Pusho,Puerto Rico,Carolina,NULL,NULL,Actualidad
Mike Bahía,Colombia,Cali,1986-06-27,NULL,Actualidad
Old Dominion,United States,Nashville,NULL,2007,Actualidad
Fallen Roses,NULL,NULL,NULL,NULL,Actualidad
HVOB,Austria,Wien,NULL,2012,Actualidad
Three Days Grace,Canada,Norwood,NULL,1997,Actualidad
Zahara,Spain,Úbeda,1983-09-10,NULL,Actualidad
MAKI,Japan,NULL,NULL,NULL,Actualidad
Arctic Monkeys,United Kingdom,High Green,NULL,2002,Actualidad
Mägo de Oz,Spain,Madrid,NULL,1988-07-07,Actualidad
Amistades Peligrosas,Spain,NULL,NULL,NULL,Actualidad
Tropidelic,United States,Cleveland,NULL,NULL,Actualidad
City of the Sun,United States,NULL,NULL,2010,Actualidad
Pol 3.14,Madrid,NULL,NULL,NULL,Actualidad
Ray MD,NULL,NULL,NULL,NULL,Actualidad
Rhye,United States,Toronto,NULL,2010,Actualidad
LOUTA,Argentina,NULL,NULL,NULL,Actualidad
Maná,Mexico,Guadalajara,NULL,1986,Actualidad
Polyphia,United States,Plano,NULL,2010,Actualidad
Plaid,United Kingdom,London,NULL,1991,Actualidad
Digitalism,Germany,Hamburg,NULL,2004,Actualidad
Alvvays,Canada,Toronto,NULL,2011,Actualidad
Guns N’ Roses,United States,Los Angeles,NULL,1985-03,Actualidad
Nils Frahm,Germany,Hamburg,1982-09-20,NULL,Actualidad
Lola Índigo,Spain,Madrid,1992-04-01,NULL,Actualidad
E.VAX,NULL,NULL,NULL,NULL,Actualidad
Soleá Morente,Spain,Madrid,1985,NULL,Actualidad
Dekko,NULL,NULL,NULL,NULL,Actualidad
Farruko,Puerto Rico,Bayamón,1991-05-02,NULL,Actualidad
Jowell,Puerto Rico,NULL,1982-03-03,NULL,Actualidad
Mastodon,United States,Atlanta,NULL,1999,Actualidad
Hooverphonic,Belgium,Sint-Niklaas,NULL,1995-10,Actualidad
El Chojin,Spain,Torrejón de Ardoz,1977-04-28,NULL,Actualidad
PELICAN FANCLUB,Japan,NULL,NULL,2012,Actualidad
Ele A el Dominio,Puerto Rico,Puerto Rico,1988-08-17,NULL,Actualidad
Los Fabulosos Cadillacs,Argentina,Buenos Aires,NULL,1985-01-19,Actualidad
Spacey Jane,Perth,Perth,NULL,2016,Actualidad
Jens Buchert,Germany,NULL,NULL,NULL,Actualidad
Austin French,NULL,NULL,1994-02-13,NULL,Actualidad
Rata Negra,Spain,NULL,NULL,NULL,Actualidad
Arce,Chile,NULL,NULL,NULL,Actualidad
Comandante Twin,NULL,NULL,NULL,2015-10-30,Actualidad
Guts,France,Paris,NULL,NULL,Actualidad
Bombai,NULL,Comunidad Valenciana,NULL,2013-01-01,Actualidad
Arcángel,Puerto Rico,New York,1985-12-23,NULL,Actualidad
Toundra,Spain,Madrid,NULL,2007,Actualidad
Death Cab for Cutie,United States,Bellingham,NULL,1997,Actualidad
Shinova,Spain,Berriz,NULL,2008,Actualidad
Manu Dia,NULL,NULL,NULL,NULL,Actualidad
Spoon,United States,Austin,NULL,1994,Actualidad
Totally Enormous Extinct Dinosaurs,United Kingdom,London,1986-03-07,NULL,Actualidad
Ryan Hurd,United States,Kalamazoo,1986-11-02,NULL,Actualidad
Fontaines D.C.,Ireland,Dublin,NULL,2014,Actualidad
Rokero,NULL,NULL,NULL,NULL,Actualidad
Zion I,United States,Oakland,NULL,1996,Actualidad
Will C.,Fort Collins,NULL,NULL,NULL,Actualidad
Los Bravos,Spain,Madrid,NULL,1965,1968
Mac Powell,United States,Clanton,1972-12-25,NULL,Actualidad
UNISON SQUARE GARDEN,Japan,NULL,NULL,NULL,Actualidad
Alice Wonder,Spain,NULL,NULL,NULL,Actualidad
Neutro Shorty,Venezuela,Caracas,1994-06-19,NULL,Actualidad
Friday Pilots Club,United States,Chicago,NULL,2017,Actualidad
Fleet Foxes,United States,Seattle,NULL,2006,Actualidad
Jerry Di,Venezuela,NULL,1992-11-26,NULL,Actualidad
The Del‐Vikings,United States,Pittsburgh,NULL,1955,No activo
Nathaniel Rateliff,United States,Hermann,1978-10-07,NULL,Actualidad
Trueno,Argentina,Buenos Aires,2002-03-25,NULL,Actualidad
Dorothy Moore,United States,Jackson,1946-10-13,NULL,Actualidad
Ladytron,United Kingdom,Liverpool,NULL,1999,Actualidad
Tedeschi Trucks Band,United States,Jacksonville,NULL,2010,Actualidad
Zaidbreak,NULL,NULL,NULL,NULL,Actualidad
Rawayana,Venezuela,Caracas,NULL,2007,Actualidad
Skylar Grey,United States,Mazomanie,1986-02-23,NULL,Actualidad
Christian Löffler,Germany,Greifswald,1985-04-05,NULL,Actualidad
The Rudeboyz,Colombia,NULL,NULL,NULL,Actualidad
Jason Kolàr,NULL,NULL,NULL,NULL,Actualidad
Brittany Howard,Athens,Athens,1988-10-02,NULL,Actualidad
El Arrebato,Spain,Alcalá de Guadaíra,1969-09-01,NULL,Actualidad
Nyno Vargas,Spain,NULL,NULL,NULL,Actualidad
Róisín Murphy,Ireland,Arklow,1973-07-05,NULL,Actualidad
Camilo Sesto,Spain,Alcoi,1946-09-16,NULL,2019-09-08
Ñengo Flow,Puerto Rico,Las Piedras,1981-10-15,NULL,Actualidad
Wisin,Puerto Rico,Cayey,1979-12-19,NULL,Actualidad
Pol Granch,NULL,Madrid,1998-04-08,NULL,Actualidad
Juan Magán,Spain,El Masnou,1978-09-30,NULL,Actualidad
Sufjan Stevens,United States,Detroit,1975-07-01,NULL,Actualidad
Little Stranger,Charleston,NULL,NULL,NULL,Actualidad
Parmalee,United States,NULL,NULL,NULL,Actualidad
Ozuna,Puerto Rico,San Juan,1992-03-13,NULL,Actualidad
Axel Boman,Sweden,NULL,NULL,NULL,Actualidad
Colton Dixon,United States,Murfreesboro,1991-10-19,NULL,Actualidad
Pablo de Sarasate,Spain,Pamplona,1844-03-10,NULL,1908-09-28
RADWIMPS,Japan,Yokohama,NULL,2001,Actualidad
Jon Hopkins,United Kingdom,Kingston upon Thames,1979-08-15,NULL,Actualidad
Walker Hayes,United States,Mobile,1979-12-27,NULL,Actualidad
Limp Bizkit,United States,Jacksonville,NULL,1994,Actualidad
Lake Street Dive,United States,Boston,NULL,2004,Actualidad
THE DRIVER ERA,United States,Los Angeles,NULL,2018-11-03,Actualidad
Dominic Fike,Florida,Naples,1995-12-30,NULL,Actualidad
Badflower,Los Angeles,NULL,NULL,2013,Actualidad
Jesse Roper,Canada,Canada,1982-03-20,NULL,Actualidad
Blanco Palamera,NULL,NULL,NULL,NULL,Actualidad
Soccer Mommy,United States,Zurich,1997-05-27,NULL,Actualidad
Rojo,Mexico,Hermosillo,NULL,1999,Actualidad
Avi Jossef,NULL,NULL,NULL,NULL,Actualidad
Ross From Friends,United Kingdom,NULL,1993-06,NULL,Actualidad
Abäk,Costa Rica,NULL,NULL,2018,Actualidad
Yonaka,Brighton,NULL,NULL,NULL,Actualidad
Catalyna,NULL,NULL,NULL,NULL,Actualidad
Rafa Espino,Spain,NULL,1993-06-08,NULL,Actualidad
Wisin,Puerto Rico,Cayey,1979-12-19,NULL,Actualidad
Queen,United Kingdom,London,NULL,1970-06-27,No activo
Zoé,Mexico,Cuernavaca,NULL,1997,Actualidad
Bring Me the Horizon,United Kingdom,Sheffield,NULL,2004-03,Actualidad
Yan Block,NULL,NULL,NULL,NULL,Actualidad
Luke Bryan,United States,Leesburg,1976-07-17,NULL,Actualidad
The Knife,Sweden,Stockholm,NULL,1999,2014-11
Álvaro de Luna,Sevilla,Sevilla,1994-09-28,NULL,Actualidad
The Who,United Kingdom,London,NULL,1964-02,Actualidad
Rozalén,Spain,Albacete,1986-06-12,NULL,Actualidad
Wolf Alice,United Kingdom,London,NULL,2010,Actualidad
The Offspring,United States,Huntington Beach,NULL,1984,Actualidad
Tricky,United Kingdom,Bristol,1968-01-27,NULL,Actualidad
Hadadanza,Spain,NULL,NULL,NULL,Actualidad
Måneskin,Italy,Roma,NULL,2016,Actualidad
Scotty McCreery,United States,NULL,1993-10-09,NULL,Actualidad
Federico Mompou,Spain,Barcelona,1893-04-16,NULL,1987-06-30
Danny Ocean,United States,Caracas,1992,NULL,Actualidad
Crisix,Spain,Catalunya,NULL,2008-02,Actualidad
Rend Collective,Northern Ireland,Bangor,NULL,2004,Actualidad
Toro y Moi,United States,Columbia,1986-11-07,NULL,Actualidad
Aleksander Dębicz,Poland,Wrocław,1988-08-23,NULL,Actualidad
Beéle,Colombia,Barranquilla,2003,NULL,Actualidad
David Cordero,Cádiz,NULL,NULL,NULL,Actualidad
Zac Brown Band,United States,Dahlonega,NULL,2000,Actualidad
The Beths,New Zealand,Auckland,NULL,2015,Actualidad
Adam Jensen,Boston,NULL,NULL,NULL,Actualidad
Javiielo,NULL,NULL,NULL,NULL,Actualidad
Romeo Santos,United States,The Bronx,1981-07-21,NULL,Actualidad
Andy Rivera,Colombia,Pereira,1994-10-28,NULL,Actualidad
Mother Mother,Canada,Vancouver,NULL,2005,Actualidad
Mestiza,NULL,NULL,NULL,NULL,2009
Mora Träsk,Sweden,NULL,NULL,1971,Actualidad
Rosalie Sorrels,United States,Boise,1933-06-24,NULL,2017-06-11
BUMP OF CHICKEN,Japan,NULL,NULL,1994,Actualidad
Jotaerre,NULL,NULL,NULL,NULL,Actualidad
Shane & Shane,United States,Texas,NULL,2001,Actualidad
Dani Fernández,Spain,Alcázar de San Juan,1991-12-11,NULL,Actualidad
Rammstein,Germany,Berlin,NULL,1994-01,Actualidad
Greeicy,Colombia,Cali,1992-10-30,NULL,Actualidad
Nil Moliner,Spain,Sant Feliu de Llobregat,1992-10-18,NULL,Actualidad
Dei V,NULL,NULL,NULL,NULL,Actualidad
Carolina Durante,Spain,Madrid,NULL,2017,Actualidad
Daniel Avery,London,NULL,1986-09-30,NULL,Actualidad
Sanctus Real,United States,Toledo,NULL,1996,Actualidad
Locus,NULL,United Kingdom,NULL,1999,2005
Caribou,Canada,Dundas,1978,NULL,Actualidad
Thomas Rhett,United States,Valdosta,1990-03-30,NULL,Actualidad
Álex Ubago,Spain,Vitoria-Gasteiz,1981-01-29,NULL,Actualidad
Petey Pablo,United States,Greenville,1973-07-22,NULL,Actualidad
Ca7riel,Argentina,Buenos Aires,1993-12-05,NULL,Actualidad
Mau y Ricky,Venezuela,NULL,NULL,NULL,Actualidad
De La Rose,Puerto Rico,Puerto Rico,NULL,NULL,Actualidad
Carlos Sadness,Spain,Barcelona,1984-03-31,NULL,Actualidad
Shaila Dúrcal,Spain,NULL,1979-08-28,NULL,Actualidad
Amon Tobin,Brazil,Rio de Janeiro,1972-02-07,NULL,Actualidad
quannnic,Florida,NULL,NULL,NULL,Actualidad
Veintiuno,NULL,NULL,NULL,NULL,Actualidad
Leon Vynehall,United Kingdom,Pembury,NULL,NULL,Actualidad
Ella Baila Sola,Spain,Madrid,NULL,1996,2001
Warpaint,United States,Los Angeles,NULL,2004-02-14,Actualidad
Chevelle,United States,Grayslake,NULL,1994,Actualidad
Milly,Italy,Alessandria,1905-02-06,NULL,1980-09-22
Gold Panda,United Kingdom,Peckham,1980,NULL,Actualidad
Crazy P,United Kingdom,Nottingham,NULL,1995,Actualidad
FERNANDOCOSTA,Spain,Ibiza,NULL,NULL,Actualidad
Califato ¾,Sevilla,NULL,NULL,2018,Actualidad
SunKissed Lola,Philippines,Olongapo City,NULL,2021-12-13,Actualidad
Palace,Kentucky,Louisville,1970-12-24,NULL,Actualidad
Metronomy,United Kingdom,Totnes,NULL,1999,Actualidad
St Germain,France,Saint-Germain-en-Laye,1973,NULL,Actualidad
Feid,Colombia,Medellín,1992-08-19,NULL,Actualidad
Dímelo Flow,Panama,Panama,1989,NULL,Actualidad
Wild Honey,Spain,NULL,NULL,2007,Actualidad
The Goo Goo Dolls,United States,Buffalo,NULL,1986,Actualidad
Art Lown,NULL,NULL,NULL,NULL,Actualidad
Pacific Roots,NULL,NULL,NULL,NULL,Actualidad
Bee Gees,United Kingdom,Redcliffe,NULL,1958,2003
Iron Maiden,United Kingdom,Leyton,NULL,1975-12-25,Actualidad
Dan Bremnes,Canada,Kamloops,1983-05-11,NULL,Actualidad
Niña Polaca,Spain,Madrid,NULL,2018,Actualidad
Stars Go Dim,NULL,NULL,NULL,NULL,Actualidad
Heitor Pereira,Brazil,Rio Grande,1957-11-29,NULL,Actualidad
Jacques Greene,Canada,NULL,1989-09-24,NULL,Actualidad
The Unlikely Candidates,United States,Keller,NULL,2008,Actualidad
Duran Duran,United Kingdom,Birmingham,NULL,1978,Actualidad
Fuego,United States,Washington,1981-09-24,NULL,Actualidad
Lauren Daigle,United States,Lafayette,1991-09-09,NULL,Actualidad
Natalie Grant,United States,Seattle,1971-12-21,NULL,Actualidad
Jhayco,Puerto Rico,Las Piedras,1993-04-09,NULL,Actualidad
Rapsusklei,Spain,NULL,NULL,NULL,Actualidad
Prince Royce,United States,New York,1989-05-11,NULL,Actualidad
Cerebral Effusion,Spain,NULL,NULL,1997,Actualidad
All Time Low,United States,Baltimore,NULL,2003,Actualidad
Mitchell Tenpenny,United States,Nashville,1989-08-17,NULL,Actualidad
Pole,Germany,Düsseldorf,1967-02-18,NULL,Actualidad
The Wombats,United Kingdom,Liverpool,NULL,2003,Actualidad
Drugdealer,Los Angeles,NULL,NULL,NULL,Actualidad
Paul McCartney,United Kingdom,Walton,1942-06-18,NULL,Actualidad
YOVNGCHIMI,NULL,NULL,NULL,NULL,Actualidad
Porta,Spain,NULL,1988-07-02,NULL,Actualidad
Juan del Encina,Spain,NULL,1468-07-12,NULL,1529
Red Hot Chili Peppers,United States,Los Angeles,NULL,1983,Actualidad
Álvaro Díaz,Puerto Rico,San Juan,1995-07-25,NULL,Actualidad
Casper Mágico,Puerto Rico,San Juan,1989-06-21,NULL,Actualidad
Midrift,NULL,NULL,NULL,NULL,Actualidad
Nicki Nicole,Argentina,Rosario,2000-08-25,NULL,Actualidad
Ozzy Osbourne,Los Angeles,Aston,1948-12-03,NULL,Actualidad
Recondite,Berlin,NULL,NULL,NULL,Actualidad
Ambkor,Spain,Barcelona,1989-04-02,NULL,Actualidad
The War on Drugs,United States,Philadelphia,NULL,2005,Actualidad
Insane Clown Posse,United States,"Delray, Detroit",NULL,1991,Actualidad
Dante Alighieri,Italy,Firenze,1265,NULL,1321-09-14
Hombres G,Spain,Madrid,NULL,1982,Actualidad
Yampi,Puerto Rico,NULL,NULL,NULL,Actualidad
Gente de Zona,Cuba,La Habana,NULL,2000,Actualidad
Houndmouth,United States,New Albany,NULL,2011,Actualidad
J Balvin,Colombia,Medellín,1985-05-07,NULL,Actualidad
Adventus,Spain,NULL,NULL,NULL,Actualidad
George FitzGerald,United Kingdom,Watford,NULL,NULL,Actualidad
Wolfgang Amadeus Mozart,Austria,Salzburg,1756-01-27,NULL,1791-12-05
Momma,United States,Calabasas,NULL,2015,Actualidad
Nach,Spain,Albacete,1974-10-01,NULL,Actualidad
Siddhartha,Mexico,Guadalajara,1990-08-25,NULL,Actualidad
Rebelution,United States,Isla Vista,NULL,2004,Actualidad
Robert Plant,United Kingdom,West Bromwich,1948-08-20,NULL,Actualidad
Juana Molina,Argentina,Buenos Aires,1962-10-01,NULL,Actualidad
Ska-P,Spain,Madrid,NULL,1993,Actualidad
Dustin Lynch,United States,Tullahoma,1985-05-14,NULL,Actualidad
Synlakross,NULL,NULL,NULL,NULL,Actualidad
Télépopmusik,France,Paris,NULL,1998,Actualidad
lovelytheband,United States,West Hollywood,NULL,2016,Actualidad
Vetusta Morla,Spain,Tres Cantos,NULL,1998,Actualidad
Tregua,NULL,NULL,NULL,NULL,Actualidad
Ill Pekeño,Spain,NULL,NULL,NULL,Actualidad
El Barrio,Spain,Cádiz,1970-06-04,NULL,Actualidad
花冷え。,Japan,Tokyo,NULL,2015-06,Actualidad
Ulrich Schnauss,Germany,Kiel,1977,NULL,Actualidad
Aimer,Japan,NULL,NULL,NULL,Actualidad
Billy Idol,United Kingdom,Stanmore,1955-11-30,NULL,Actualidad
Joe Goddard,United Kingdom,London,1973,NULL,Actualidad
Angelus Apatrida,Spain,Albacete,NULL,2000-03,Actualidad
Vitalic,France,Dijon,1976-05-18,NULL,Actualidad
Dardust,Italy,Ascoli Piceno,1976-03-17,NULL,Actualidad
BOUE,NULL,NULL,NULL,NULL,Actualidad
Santana,United States,San Francisco,NULL,1966,Actualidad
Rels B,Spain,Palma,1993-10-18,NULL,Actualidad
Barns Courtney,United Kingdom,Aylesbury,1990-11-17,NULL,Actualidad
David Otero,Spain,NULL,NULL,NULL,Actualidad
Azúcar Moreno,Spain,Badajoz,NULL,1983,Actualidad
Hannah Murphy,NULL,NULL,NULL,NULL,Actualidad
if i die in mississippi,Gulfport,NULL,NULL,NULL,Actualidad
Luna Li,Canada,Toronto,1996-10-03,NULL,Actualidad
KARBeats,Puerto Rico,NULL,NULL,NULL,Actualidad
Sam Hunt,United States,Cedartown,1984-12-08,NULL,Actualidad
Ñejo,Puerto Rico,NULL,1975-06-20,NULL,Actualidad
Daphni,Canada,NULL,1978,NULL,Actualidad
alt‐J,United Kingdom,Leeds,NULL,2007,Actualidad
Eve,United States,Philadelphia,1978-11-10,NULL,Actualidad
Underworld,United Kingdom,Romford,NULL,1979,Actualidad
Chris Jedi,Puerto Rico,NULL,NULL,NULL,Actualidad
Lone Ark,Spain,NULL,NULL,NULL,Actualidad
The White Stripes,United States,Detroit,NULL,1997-07-14,2011-02-02
Of Monsters and Men,Iceland,Keflavík,NULL,2010,Actualidad
Young Miko,Puerto Rico,Puerto Rico,1998-11-08,NULL,Actualidad
Weezer,United States,Los Angeles,NULL,1992-02-14,Actualidad
Wax Tailor,France,Vernon,1975-07-19,NULL,Actualidad
Piso 21,Colombia,NULL,NULL,NULL,Actualidad
Rochy RD,Dominican Republic,Santo Domingo,NULL,NULL,Actualidad
Little Dragon,Sweden,Gothenburg,NULL,1996,Actualidad
Crowder,United States,NULL,1971-11-29,NULL,Actualidad
"Black Country, New Road",United Kingdom,Cambridge,NULL,2018,Actualidad
La Oreja de Van Gogh,Spain,San Sebastián,NULL,1996,Actualidad
P.A.F.F.,Poland,NULL,1990-06-20,NULL,Actualidad
Aldo Cadiz,NULL,NULL,NULL,NULL,Actualidad
Goth Babe,NULL,NULL,NULL,NULL,Actualidad
Global Underground,NULL,NULL,NULL,1996,Actualidad
The Almighty,United Kingdom,NULL,NULL,1988,Actualidad
Mano Le Tough,NULL,Greystones,NULL,NULL,Actualidad
DECO*27,Japan,Fukuoka,1986-12-16,NULL,Actualidad
Max Cooper,United Kingdom,Belfast,1980-05-19,NULL,Actualidad
Manuel Turizo,Colombia,Córdoba,2000-04-12,NULL,Actualidad
Vanesa Martín,Spain,Málaga,1980-11-14,NULL,Actualidad
Kidd Keo,Spain,NULL,NULL,NULL,Actualidad
Sech,Panama,Colón,1993-12-03,NULL,Actualidad
Sophie Powers,NULL,NULL,NULL,NULL,Actualidad
The Ghost Club,Pittsburgh,NULL,NULL,2018,Actualidad
Yakamoto Kotzuga,Venezia,NULL,NULL,NULL,Actualidad
Soge Culebra,Spain,NULL,NULL,NULL,Actualidad
Víctor Porfidio,NULL,NULL,NULL,NULL,Actualidad
IDLES,United Kingdom,Bristol,NULL,2009,Actualidad
Hot Chip,United Kingdom,London,NULL,2000,Actualidad
Suso Sáiz,Spain,NULL,1957,NULL,Actualidad
Surfer Girl,NULL,NULL,NULL,NULL,Actualidad
Marc Seguí,Spain,Mallorca,1998,NULL,Actualidad
Israel B,Spain,NULL,NULL,NULL,Actualidad
Aitana,Spain,Sant Climent de Llobregat,1999-06-27,NULL,Actualidad
Russell Dickerson,United States,Nashville,1987-05-07,NULL,Actualidad
Fuel Fandango,Spain,NULL,NULL,NULL,Actualidad
Kodak Black,United States,Pompano Beach,1997-06-11,NULL,Actualidad
Flying Lotus,United States,Los Angeles,1983-10-07,NULL,Actualidad
Bomba Estéreo,Colombia,Bogotá,NULL,2005,Actualidad
Quantic,Bogotá,Bewdley,NULL,NULL,Actualidad
Meredith Andrews,United States,NULL,NULL,NULL,Actualidad
Chanell,NULL,NULL,NULL,NULL,Actualidad
The Crystal Method,Los Angeles,Las Vegas,NULL,1993,Actualidad
Joyce Santana,Puerto Rico,NULL,NULL,NULL,Actualidad
Sergio Dalma,Spain,Sabadell,1964-09-28,NULL,Actualidad
Mujeres,Spain,Barcelona,NULL,2007,Actualidad
House of Pain,United States,New York,NULL,1990,1996
Natalia Lafourcade,Mexico,Coatepec,1984-02-26,NULL,Actualidad
Stephen King,United States,Portland,1947-09-21,NULL,Actualidad
Noah Gundersen,United States,Olympia,1989-05-31,NULL,Actualidad
Alex G,United States,Havertown,1993-02-03,NULL,Actualidad
Lyanno,Puerto Rico,NULL,1996,NULL,Actualidad
MorphiuM,Girona,NULL,NULL,NULL,Actualidad
grandson,Canada,Englewood,1993-10-25,NULL,Actualidad
Pejzaż,Warsaw,Poland,NULL,NULL,Actualidad
Aventura,United States,The Bronx,NULL,1994,Actualidad
Cazzu,Argentina,NULL,1994-12-16,NULL,Actualidad
Andy Williams,United States,Wall Lake,1927-12-03,NULL,2012-09-25
Dua Lipa,England,London,1995-08-22,NULL,Actualidad
Joaquín Turina,Spain,Sevilla,1882-12-09,NULL,1949-01-14
Recycled J,Spain,Madrid,1993,NULL,Actualidad
Kings of Leon,United States,Nashville,NULL,1999,Actualidad
Vana Liya,United States,NULL,NULL,NULL,Actualidad
Matthew West,United States,Downers Grove,1977-04-25,NULL,Actualidad
Korn,United States,Bakersfield,NULL,1993,Actualidad
Royal Blood,United Kingdom,Worthing,NULL,2013-01,Actualidad
Burial,United Kingdom,London,1979-08,NULL,Actualidad
DJs Pareja,Buenos Aires,NULL,NULL,2001,Actualidad
Saratoga,Spain,NULL,NULL,1992,Actualidad
Hippo Campus,United States,Minneapolis,NULL,2013,Actualidad
Nio García,Puerto Rico,San Juan,1989-04-03,NULL,Actualidad
Decai,Spain,NULL,NULL,NULL,Actualidad
KAROL G,Colombia,Medellín,1991-02-14,NULL,Actualidad
Viva Suecia,Spain,NULL,NULL,NULL,Actualidad
Micah Tyler,United States,Beaumont,1983-04-19,NULL,Actualidad
De La Ghetto,Puerto Rico,NULL,1984-09-17,NULL,Actualidad
Francisco Tárrega,Spain,Vila-real,1852-11-21,NULL,1909-12-15
Love of Lesbian,Spain,Barcelona,NULL,1997,Actualidad
Bibio,United Kingdom,West Midlands,1978-12-04,NULL,Actualidad
Chencho Corleone,Puerto Rico,Bayamón,1979-02-19,NULL,Actualidad
Becky G,United States,Inglewood,1997-03-02,NULL,Actualidad
Drew Parker,NULL,NULL,NULL,NULL,Actualidad
Lérica,Spain,NULL,NULL,NULL,Actualidad
Bryant Myers,Puerto Rico,Carolina,1998-04-05,NULL,Actualidad
DJ Tennis,Italy,NULL,NULL,NULL,Actualidad
Hercules,Athens,NULL,NULL,NULL,Actualidad
The Bones of J.R. Jones,New York,NULL,NULL,NULL,Actualidad
Beret,Spain,Sevilla,1996-07-02,NULL,Actualidad
Sneaker Pimps,United Kingdom,Hartlepool,NULL,1994,Actualidad
Los Rebujitos,Spain,NULL,NULL,NULL,Actualidad
Lee Brice,United States,Sumter,1979-06-10,NULL,Actualidad
Tiga,Canada,Montréal,1974-09-18,NULL,Actualidad
Andrea Sertori,Italy,NULL,NULL,NULL,Actualidad
Jason Aldean,United States,Macon,1977-02-28,NULL,Actualidad
Weval,Netherlands,Amsterdam,NULL,NULL,Actualidad
Henry Méndez,Spain,Santo Domingo,NULL,NULL,Actualidad
MJ Lenderman,Asheville,NULL,NULL,NULL,Actualidad
Dollar Selmouni,Spain,Soto del Real,NULL,NULL,Actualidad
Jasmon,NULL,NULL,NULL,NULL,Actualidad
Maluma,Colombia,Medellín,1994-01-28,NULL,Actualidad
Bear McCreary,United States,Fort Lauderdale,1979-02-17,NULL,Actualidad
Two Feet,United States,Manhattan,1993-06-20,NULL,Actualidad
K.Flay,United States,Wilmette,1985-06-30,NULL,Actualidad
Rise Against,United States,Chicago,NULL,1999,Actualidad
Royel Otis,Sydney,Sydney,NULL,NULL,Actualidad
Tool,United States,Los Angeles,NULL,1990,Actualidad
Valeria Castro,Las Palmas,NULL,NULL,NULL,Actualidad
Sexy Zebras,Spain,NULL,NULL,NULL,Actualidad
DVICIO,Madrid,NULL,NULL,2013,Actualidad
Elle King,United States,Los Angeles,1989-07-03,NULL,Actualidad
Vulfpeck,United States,Ann Arbor,NULL,2011,Actualidad
tobyMac,United States,Fairfax,1964-10-22,NULL,Actualidad
Josiah and the Bonnevilles,NULL,NULL,NULL,NULL,Actualidad
Chandler Moore,Atlanta,Charleston,1995-03-21,NULL,Actualidad
Various Artists,NULL,NULL,NULL,NULL,Actualidad
Rhett Walker,NULL,NULL,NULL,NULL,Actualidad
Kixnare,Poland,NULL,NULL,NULL,Actualidad
Angelos,NULL,NULL,NULL,NULL,Actualidad
Tainy,Puerto Rico,San Juan,1989-08-09,NULL,Actualidad
Guaynaa,Puerto Rico,Caguas,1992-09-16,NULL,Actualidad
Micro TDH,Venezuela,Mérida,1999-04-14,NULL,Actualidad
Warmth,Spain,Valencia,NULL,NULL,Actualidad
Petula Clark,United Kingdom,Epsom,1932-11-15,NULL,Actualidad
DENM,United States,Santa Barbara,NULL,NULL,Actualidad
Tosca,Austria,Wien,NULL,1994,Actualidad
Natti Natasha,Dominican Republic,Santiago de los Caballeros,1986-12-10,NULL,Actualidad
Guitarricadelafuente,Spain,Spain,1997-08-27,NULL,Actualidad
Reykjavik606,Spain,San Sebastián,NULL,NULL,Actualidad
Jameson Rodgers,United States,NULL,NULL,NULL,Actualidad
Arrested Youth,United States,NULL,NULL,NULL,Actualidad
Pailita,Santiago,Punta Arenas,2000-02-04,NULL,Actualidad
Khaled,Algeria,Oran,1960-02-29,NULL,Actualidad
Joy Orbison,United Kingdom,Croydon,NULL,NULL,Actualidad
Sunday Noise,NULL,NULL,NULL,NULL,Actualidad
Nueen,Barcelona,Mallorca,NULL,NULL,Actualidad
Dirty Heads,United States,Huntington Beach,NULL,1996,Actualidad
Niño de Elche,Elche,Elche,1985-01-21,NULL,Actualidad
Kip Moore,United States,Tifton,1980-04-01,NULL,Actualidad
Coheed and Cambria,United States,Nyack,NULL,2001,Actualidad
Ladilla Rusa,Spain,NULL,NULL,NULL,Actualidad
Salduie,NULL,NULL,NULL,NULL,Actualidad
The Happy Fits,New Jersey,New Jersey,NULL,2016-04-20,Actualidad
Sergio Contreras,Spain,NULL,NULL,NULL,Actualidad
Peces Raros,La Plata,NULL,NULL,NULL,Actualidad
KHEA,Argentina,Mar del Plata,2000-04-13,NULL,Actualidad
Paulo Londra,Argentina,Córdoba,1998-04-12,NULL,Actualidad
Mount Kimbie,England,London,NULL,2008,Actualidad
Mónica Naranjo,Spain,Figueres,1974-05-23,NULL,Actualidad
Brandi Carlile,United States,Ravensdale,1981-06-01,NULL,Actualidad
Rachael Lampa,United States,Ann Arbor,1985-01-08,NULL,Actualidad
James Brown,United States,Barnwell,1933-05-03,NULL,2006-12-25
Âme,Germany,Karlsruhe,NULL,2001,Actualidad
Tierra Santa,Spain,Logroño,NULL,1997-11,Actualidad
Saurom,Spain,San Fernando,NULL,1996-09-01,Actualidad
James McMurtry,United States,Fort Worth,1962-03-18,NULL,Actualidad
Funambulista,Spain,NULL,NULL,NULL,Actualidad
coldrain,Japan,Nagoya,NULL,2007,Actualidad
David Bisbal,Spain,Almería,1979-06-05,NULL,Actualidad
vf7,NULL,NULL,NULL,NULL,Actualidad
Daniel Zueras,Spain,NULL,1981-11-13,NULL,Actualidad
Hoke,Spain,NULL,1996,NULL,Actualidad
Don Omar,Puerto Rico,San Juan,1978-02-10,NULL,Actualidad
Alex Gárgolas,Puerto Rico,NULL,1971-04-24,NULL,Actualidad
Kairikibear,NULL,NULL,NULL,NULL,Actualidad
Wine Lips,Toronto,NULL,NULL,NULL,Actualidad
Daughtry,United States,NULL,NULL,2006-07-10,Actualidad
Mogwai,United Kingdom,Glasgow,NULL,1995,Actualidad
I Am They,Carson City,NULL,NULL,NULL,Actualidad
Stephen Bishop,United States,San Diego,1951-11-14,NULL,Actualidad
Volbeat,Denmark,Copenhagen,NULL,2001-10,Actualidad
Journey,United States,San Francisco,NULL,1973,Actualidad
Fantastic Negrito,Oakland,Massachusetts,1968-01-20,NULL,Actualidad
María Becerra,Argentina,Quilmes,2000-02-12,NULL,Actualidad
Babasónicos,Argentina,Lanús,NULL,1991,Actualidad
Sébastien Tellier,France,Le Plessis-Bouchard,1975-02-22,NULL,Actualidad
Jimmie Allen,United States,Milton,1986-06-18,NULL,Actualidad
Tame Impala,Australia,Sydney,1986-01-20,NULL,Actualidad
Trentemøller,Denmark,Vordingborg,1972-10-16,NULL,Actualidad
Matt Maher,United States,Newfoundland and Labrador,1974-11-10,NULL,Actualidad
Brett Eldredge,United States,Paris,1986-03-23,NULL,Actualidad
Alejo,NULL,NULL,NULL,NULL,Actualidad
Milky Chance,Germany,Kassel,NULL,2012,Actualidad
Sho-Hai,Spain,NULL,1976-05-01,NULL,Actualidad
Dayglow,United States,Aledo,1999-08-10,NULL,Actualidad
from tokyo to honolulu,Russia,Russia,NULL,NULL,Actualidad
Ovi,United States,Ciego de Ávila,2001-02-07,NULL,Actualidad
Boza,Panama,Ciudad de Panamá,1997-07-25,NULL,Actualidad
Yamila,Belgium,Granada,1983,NULL,Actualidad
Basement Jaxx,United Kingdom,Brixton,NULL,1994,Actualidad
Denom,Spain,NULL,NULL,NULL,Actualidad
Slayter,New York,NULL,NULL,NULL,Actualidad
Imagine Dragons,United States,Las Vegas,NULL,2008,Actualidad
Romare,United Kingdom,NULL,NULL,NULL,Actualidad
MercyMe,United States,NULL,NULL,1994,Actualidad
The Green Pajamas,United States,Seattle,NULL,1984,Actualidad
Bonnie Raitt,United States,Burbank,1949-11-08,NULL,Actualidad
Sharon Van Etten,United States,Clinton,1981-02-26,NULL,Actualidad
Tony Guerra,Brazil,NULL,NULL,NULL,Actualidad
Zetazen,Spain,NULL,NULL,NULL,Actualidad
Dani Martín,Spain,Madrid,1977-02-19,NULL,Actualidad
Depol,NULL,NULL,NULL,NULL,Actualidad
Logan Mize,United States,Clearwater,NULL,NULL,Actualidad
Level 42,United Kingdom,Isle of Wight,NULL,1980,Actualidad
We Are Messengers,United States,Monaghan,NULL,2015,Actualidad
Alberto Dimeo,Maracay,NULL,NULL,NULL,Actualidad
Papa Roach,United States,Vacaville,NULL,1993,Actualidad
Elvis Presley,United States,Tupelo,1935-01-08,NULL,1977-08-16
Miguel Bastida,NULL,NULL,NULL,NULL,Actualidad
Tyler Rich,United States,Yuba City,1986-02-24,NULL,Actualidad
Nikone,Spain,NULL,NULL,NULL,Actualidad
Yeruza,NULL,NULL,NULL,NULL,Actualidad
MAN WITH A MISSION,Japan,Tokyo,NULL,2010-03-07,Actualidad
Pablo López,Spain,Málaga,1984-03-11,NULL,Actualidad
Sam Fender,United Kingdom,North Shields,1994-04-25,NULL,Actualidad
The Elovaters,Boston,Boston,NULL,2018,Actualidad
Sharif,Spain,Spain,1980-01-17,NULL,Actualidad
Natos y Waor,Spain,NULL,NULL,NULL,Actualidad
The Movement,United States,Columbia,NULL,2003,Actualidad
Dice,NULL,Germany,NULL,NULL,Actualidad
DJ Koze,Germany,Flensburg,1972,NULL,Actualidad
Fit for a King,United States,NULL,NULL,2007-09,Actualidad
Old Mervs,Western Australia,NULL,NULL,NULL,Actualidad
MARETU,Japan,NULL,NULL,NULL,Actualidad
Daniel Barenboim,Argentina,Buenos Aires,1942-11-15,NULL,Actualidad
Manuel Carrasco,Spain,NULL,1981-01-15,NULL,Actualidad
The Poles,South Korea,South Korea,NULL,2017,Actualidad
twenty one pilots,United States,Columbus,NULL,2009,Actualidad
Björk,Iceland,Reykjavík,1965-11-21,NULL,Actualidad
Soraya,United States,Point Pleasant,1969-03-11,NULL,2006-05-10
Danza Invisible,Spain,Torremolinos,NULL,1981,Actualidad
Hiss Golden Messenger,United States,Durham,NULL,2007,Actualidad
Nightmares on Wax,United Kingdom,Leeds,NULL,1988,Actualidad
John Hiatt,United States,Indianapolis,1952-08-20,NULL,Actualidad
Clara Cava,Argentina,Buenos Aires,NULL,NULL,Actualidad
Pablo Alborán,Spain,Málaga,1989-05-31,NULL,Actualidad
Chenoa,Spain,Mar del Plata,1975-06-25,NULL,Actualidad
Highly Suspect,United States,Massachusetts,NULL,2009,Actualidad
Portico Quartet,United Kingdom,London,NULL,2005,Actualidad
Elefantes,Spain,Barcelona,NULL,1994,Actualidad
Dead Poet Society,Los Angeles,Boston,NULL,2013,Actualidad
Andrés Suárez,Spain,Ferrol,1983-04-16,NULL,Actualidad
Tamara,Spain,NULL,1984-06-27,NULL,Actualidad
Reik,Mexico,Mexicali,NULL,2003,Actualidad
La Bien Querida,Spain,Bilbao,1972-11-06,NULL,Actualidad
Quarters of Change,New York,NULL,NULL,NULL,Actualidad
Iration,United States,California,NULL,NULL,Actualidad
Pixies,United States,Boston,NULL,1986,Actualidad
Brent Cobb,United States,Ellaville,1986-08-01,NULL,Actualidad
Casting Crowns,United States,Daytona Beach,NULL,1999,Actualidad
Siloé,Valladolid,Valladolid,NULL,2016,Actualidad
Ghost,Sweden,Linköping,NULL,2008,Actualidad
Bryce Fox,Los Angeles,NULL,NULL,NULL,Actualidad
Sôber,Spain,Madrid,NULL,1994,Actualidad
Brothers Osborne,United States,Anne Arundel County,NULL,2013,Actualidad
Paul Kalkbrenner,Germany,Leipzig,1977-06-12,NULL,Actualidad
John Debney,United States,Glendale,1956-08-18,NULL,Actualidad
The Blue Stones,Canada,Windsor,NULL,2011,Actualidad
Bicep,Belfast,London,NULL,2009,Actualidad
Abraham Mateo,Spain,San Fernando,1998-08-25,NULL,Actualidad
Rvfv,Spain,Almería,2001-04-24,NULL,Actualidad
Lytos,Palma,Spain,1988,NULL,Actualidad
Cris MJ,NULL,NULL,2001-11-11,NULL,Actualidad
Isaac Albéniz,Spain,Camprodon,1860-05-29,NULL,1909-05-18
Simple Plan,Canada,Montréal,NULL,1999,Actualidad
Tyler Booth,United States,Morehead,1996-12-15,NULL,Actualidad
Florida Georgia Line,United States,Nashville,NULL,2010,2022-02-06
Stick Figure,United States,Duxbury,NULL,2006,Actualidad
Los Ángeles Negros,Chile,NULL,NULL,1968,Actualidad
El Alfa,Dominican Republic,Santo Domingo,1990-12-18,NULL,Actualidad
Rebecca St. James,United States,Sydney,1977-07-26,NULL,Actualidad
Original Juan,NULL,NULL,NULL,NULL,Actualidad
Blake Neely,United States,Paris,1969-04-28,NULL,Actualidad
The Black Keys,United States,Akron,NULL,2001,Actualidad
Celtian,Spain,NULL,NULL,2017,Actualidad
Estopa,Spain,Barcelona,NULL,1999,Actualidad
Darkside,New York,New York,NULL,2011,Actualidad
Alex Rose,NULL,NULL,NULL,NULL,Actualidad
Carlos Baute,Venezuela,Caracas,1974-03-08,NULL,Actualidad
Whiskey Myers,United States,Palestine,NULL,2005-04,Actualidad
Skillet,United States,Memphis,NULL,1996,Actualidad
Roa,South Korea,Gyeongju,2002-06-19,NULL,Actualidad
Nickelback,Canada,Hanna,NULL,1995,Actualidad
Nunatak,Cartagena,NULL,NULL,NULL,Actualidad
Lasai,Spain,Talavera de la Reina,1985-10-12,NULL,Actualidad
The E Street Band,United States,New Jersey,NULL,1972-10,Actualidad
Diego Martín,Spain,NULL,1980,NULL,Actualidad
Javiera Mena,Chile,Santiago,1983-06-03,NULL,Actualidad
Dylan Scott,United States,Bastrop,1990-10-22,NULL,Actualidad
[Disney],United States,Kansas City,NULL,NULL,Actualidad
Yeah Yeah Yeahs,United States,New York,NULL,2000,Actualidad
Blas Cantó,Spain,Ricote,1991-10-26,NULL,Actualidad
The Red Pears,El Monte,NULL,NULL,NULL,Actualidad
King Clave,Argentina,Formosa,1944-02-14,NULL,Actualidad
Andy Stott,Manchester,NULL,NULL,NULL,Actualidad
Courtney Barnett,Australia,Sydney,1987-11-03,NULL,Actualidad
Radiohead,United Kingdom,Abingdon-on-Thames,NULL,1991,Actualidad
Good Morning,Melbourne,Melbourne,NULL,2014,Actualidad
The Chemical Brothers,United Kingdom,Manchester,NULL,1989,Actualidad
Kase.O,Spain,Zaragoza,1980-03-01,NULL,Actualidad
Esteman,Colombia,Bogotá,1984-05-04,NULL,Actualidad
Depeche Mode,United Kingdom,Basildon,NULL,1980-03,Actualidad
Daddy Yankee,Puerto Rico,San Juan,1977-02-03,NULL,Actualidad
Colorblind,Denmark,NULL,NULL,NULL,Actualidad
Populous,Italy,NULL,NULL,NULL,Actualidad
Vance Joy,Australia,Melbourne,1987-12-01,NULL,Actualidad
Jay Wheeler,Puerto Rico,Salinas,1994-11-21,NULL,Actualidad
Gabriel Dominguez,NULL,NULL,NULL,NULL,Actualidad
Maston,Los Angeles,NULL,1987-10-05,NULL,Actualidad
La La Love You,Spain,NULL,NULL,NULL,Actualidad
Young the Giant,United States,Irvine,NULL,2004,Actualidad
Sebastián Yatra,Colombia,Medellín,1994-10-15,NULL,Actualidad
Bala,Galicia,A Coruña,NULL,2014-06,Actualidad
Ankhal,NULL,NULL,NULL,NULL,Actualidad
Nirvana,United States,Aberdeen,NULL,1987,1994-04-05
Ayax y Prok,Spain,NULL,NULL,NULL,Actualidad
Juhn,Puerto Rico,Puerto Rico,1992-02-24,NULL,Actualidad
Kaleo,Iceland,Mosfellsbær,NULL,2012-11-08,Actualidad
Acción Sánchez,Spain,Sevilla,1977-02-24,NULL,Actualidad
Edu Imbernón,Spain,NULL,NULL,NULL,Actualidad
Michael Ray,United States,Eustis,1988-04-29,NULL,Actualidad
Lady Gaga,United States,Upper East Side,1986-03-28,NULL,Actualidad
CNCO,United States,Miami,NULL,2015-12-13,Actualidad
ToteKing,Spain,Sevilla,1978-12-13,NULL,Actualidad
Calero LDN,NULL,Bilbao,NULL,NULL,Actualidad
Jimmix,NULL,NULL,NULL,NULL,Actualidad
Ovy on the Drums,Colombia,NULL,NULL,NULL,Actualidad
Tom Morello,United States,Manhattan,1964-05-30,NULL,Actualidad
Amenazzy,Dominican Republic,Santiago de los Caballeros,1995-08-04,NULL,Actualidad
Rone,France,Boulogne-Billancourt,1980-06-20,NULL,Actualidad
Ankor,Spain,Tarragona,NULL,2003-05,Actualidad
KANA-BOON,Japan,Sakai,NULL,2006-12-17,Actualidad
Cyclo.,NULL,NULL,NULL,NULL,Actualidad
The Hip Abduction,NULL,NULL,NULL,NULL,Actualidad
Delta Sleep,United Kingdom,NULL,NULL,2010-01,Actualidad
Rob Zombie,United States,Haverhill,1965-01-12,NULL,Actualidad
Eladio Carrión,Puerto Rico,Kansas City,1994-11-14,NULL,Actualidad
Yunchan Lim,South Korea,NULL,2004-03-20,NULL,Actualidad
Hollywood Undead,United States,Hollywood,NULL,2005,Actualidad
HEALTH,United States,Los Angeles,NULL,2005-04,Actualidad
Chris Tomlin,United States,Grand Saline,1972-05-04,NULL,Actualidad
Manu Manzo,United States,Venezuela,1994-04-14,NULL,Actualidad
Palaye Royale,United States,Las Vegas,NULL,2008,Actualidad
Rvssian,Jamaica,Kingston,1990-04-12,NULL,Actualidad
Muse,United Kingdom,Teignmouth,NULL,1994,Actualidad
Dylan Schneider,United States,Terre Haute,1999-10-09,NULL,Actualidad
The Lumineers,United States,Ramsey,NULL,2008-12-31,Actualidad
S.H.E,Taiwan,NULL,NULL,2001,Actualidad
Reykon,Colombia,Envigado,1986-12-12,NULL,Actualidad
Miky Woodz,Puerto Rico,NULL,NULL,NULL,Actualidad
D.O.K,NULL,NULL,NULL,NULL,Actualidad
HoneyWorks,Japan,NULL,NULL,2009,Actualidad
Angela Hewitt,Canada,Ottawa,1958-07-26,NULL,Actualidad
Bad Gyal,Catalunya,Vilassar de Mar,1997-03-07,NULL,Actualidad
Floating Points,United Kingdom,Manchester,NULL,NULL,Actualidad
OneRepublic,United States,Colorado Springs,NULL,2004,Actualidad
Brray,Puerto Rico,NULL,1992-09-19,NULL,Actualidad
Luar la L,NULL,Carolina,2000-05-29,NULL,Actualidad
Drake White,United States,Hokes Bluff,1983-10-03,NULL,Actualidad
Lori Meyers,Spain,Granada,NULL,1998,Actualidad
GusGus,Iceland,Reykjavík,NULL,1995,Actualidad
Thom Yorke,Oxford,Wellingborough,1968-10-07,NULL,Actualidad
NEEDTOBREATHE,United States,Seneca,NULL,2000,Actualidad
Beatriz Luengo,Spain,Madrid,1982-12-23,NULL,Actualidad
The Struts,United Kingdom,Derby,NULL,2010,Actualidad
Hard GZ,Spain,NULL,NULL,NULL,Actualidad
feeble little horse,Pittsburgh,Pittsburgh,NULL,2021,Actualidad
Edu Linares,NULL,NULL,NULL,NULL,Actualidad
Rigoberta Bandini,Spain,Barcelona,1990-04-30,NULL,Actualidad
Toda la Vida,Guatemala,NULL,NULL,NULL,Actualidad
Depresión Sonora,Madrid,NULL,NULL,NULL,Actualidad
The Neighbourhood,United States,Newbury Park,NULL,2011-08,Actualidad
Hilary Hahn,United States,Lexington,1979-11-27,NULL,Actualidad
The Rolling Stones,United Kingdom,London,NULL,1962,Actualidad
MASS OF THE FERMENTING DREGS,Japan,Kobe,NULL,2002,Actualidad
Anuel AA,Puerto Rico,Carolina,1992-11-27,NULL,Actualidad
Zero 7,United Kingdom,London,NULL,1997,Actualidad
Omar Courtz,Puerto Rico,Carolina,1997-10-11,NULL,Actualidad
PIG,United Kingdom,London,NULL,1988,Actualidad
Passafire,United States,United States,NULL,2003-02,Actualidad
Newsboys,Australia,Mooloolaba,NULL,1985,Actualidad
Ak4:20,Talca,Talca,2001-12-19,NULL,Actualidad
Duki,Buenos Aires,Buenos Aires,1996,NULL,Actualidad
Omy de Oro,Puerto Rico,Vega Baja,1995-08-13,NULL,Actualidad
Jeff Danna,Canada,Burlington,1964-06-07,NULL,Actualidad
Lit Killah,Buenos Aires,Buenos Aires,1999-10-04,NULL,Actualidad
Wet Leg,United Kingdom,Isle of Wight,NULL,2019,Actualidad
Efecto Pasillo,Spain,Canarias,NULL,2007,Actualidad
